"created_at","tweet.text","state"
"Mon May 18 19:52:48 +0000 2020","😔","Illinois"
"Mon May 18 19:53:05 +0000 2020","Diarrhea is a covid symptom? Oh god I’ve had covid everyday for the last three years.","California"
"Mon May 18 19:53:13 +0000 2020","If you missed it, here's our article on the many benefits of playing tabletop RPGs during (and after) COVID-19.","Illinois"
"Mon May 18 20:02:09 +0000 2020","my wedding finna be lit","Texas"
"Mon May 18 20:02:18 +0000 2020","Doctor......Duffus?","South Carolina"
"Mon May 18 20:02:18 +0000 2020","so y’all just said fuck covid huh???","California"
"Mon May 18 20:02:37 +0000 2020","With new data available regarding our current COVID-19 numbers, Health Commissioner Melba Moore reminded us today i… https://t.co/CEr4TxXyRw","Ohio"
"Mon May 18 20:02:46 +0000 2020","Nancy Peloci wants to investigate the firing of IG Steve Linick while the U.S. is battling COVID-19! Another Tax Pa… https://t.co/Fbl1tDdUCe","Washington"
"Mon May 18 20:02:48 +0000 2020","👉 #ObamaGate #ObamaLiedandSpied  #DropOutBiden   #COVIDー19 @DavidJHarrisJr @RobertJohnDavi @Timcast @FREEDOMPR0JECT… https://t.co/MG0LBZe4VQ","North Carolina"
"Mon May 18 20:03:05 +0000 2020","Thank you @N_opfer @ayejayruiz @VincentGNava and @nscpatterson @NevadaState Faculty and Staff for taking time to de… https://t.co/M1heFemHrT","Nevada"
"Mon May 18 20:03:19 +0000 2020","After finally having things with insurance settled proceeding my marriage/divorce process, my appointment to have t… https://t.co/7jlkuSsLdd","Massachusetts"
"Mon May 18 20:03:19 +0000 2020","Ugh...@USPS I have a package that’s been marked as delivered to the front office of my apartment for 2 days now. Th… https://t.co/I8A1TGQVpr","Florida"
"Mon May 18 20:03:21 +0000 2020","Four F-16s from Holloman Air Force Base soared over Roswell honoring COVID-19 pandemic front-line workers. We’re th… https://t.co/DcvRT8iBi5","New Mexico"
"Mon May 18 20:03:22 +0000 2020","@GregAbbott_TX says our hospital capacity in El Paso is “too close for comfort” and announces a 1 week delay for ou… https://t.co/4hA0vNj9JC","Texas"
"Mon May 18 20:03:27 +0000 2020","I just signed a @commoncause petition to the U.S. Senate: Don’t let COVID-19 upend our democracy! Sign here: https://t.co/tgtaauoywq","Arizona"
"Mon May 18 20:03:39 +0000 2020","Wow. Heartbreaking.","South Carolina"
"Mon May 18 20:03:44 +0000 2020","Incase you missed the email..... read up on the new salon policies for formationsalonandspa post COVID-19.… https://t.co/IpEeLmliIu","Missouri"
"Mon May 18 20:04:08 +0000 2020","We all scream for Bliss Ice Cream 🍦 The University Place small batch creamery is open 5-7 PM daily to pick up pints… https://t.co/mXja2LI49L","Washington"
"Mon May 18 20:04:09 +0000 2020","Are you willing to pay a “COVID-19 surcharge” next time you go to a restaurant? Call the show right meow at 419-214… https://t.co/uVLzN0dSqS","Ohio"
"Mon May 18 20:04:12 +0000 2020","All of the above","Texas"
"Mon May 18 20:04:17 +0000 2020","I really wanted to hit 1k on these shields today, but supplies are low so i have to wait until they arrive tomorrow… https://t.co/C8xy0iZNTu","Illinois"
"Mon May 18 20:04:54 +0000 2020","COVID-19: China commits $2 billion to fight the pandemic #Coronavirus https://t.co/vgzhvQpZDa","Texas"
"Mon May 18 20:05:25 +0000 2020","La gran lección del covid: no robe, ni haga torcidos, ni viole, ni mate. Que en la cárcel se lo va a llevar el hijueputa jajaja jajaja","Florida"
"Mon May 18 20:05:48 +0000 2020","This pandemic isn’t over just because you’re bored 👏🏼 #COVIDー19","California"
"Mon May 18 20:05:54 +0000 2020","@KristaSparks95 @EliseStefanik Open the economy discussions in May have nothing to do with the policy enacted in NY… https://t.co/oPfnbk99Nn","California"
"Mon May 18 20:06:08 +0000 2020","Oh for Christ’s sake 🙄","California"
"Mon May 18 20:06:14 +0000 2020","I’m so tired of reading kauai people talk about covid-19, like/repost shit about how people should stay home but I’… https://t.co/oswz9U07s7","Hawaii"
"Mon May 18 20:06:15 +0000 2020","#Covid_19 #Vaccines thread by @ScottGottliebMD about recent encouraging vaccine and convalescent plasma developments","Virginia"
"Mon May 18 20:06:42 +0000 2020","I just signed a @commoncause petition to the U.S. Senate: Don’t let COVID-19 upend our democracy! Sign here: https://t.co/4aWMJCPgRM","Oklahoma"
"Mon May 18 20:06:51 +0000 2020","How kind do you think society could really stay inside? We did it for over a month. You can’t contain people for th… https://t.co/KyEamSILU6","Florida"
"Mon May 18 20:06:54 +0000 2020","A true hero’s parade occurred today at CHAM. One of our COVID patients was discharged after being in our PICU for 5… https://t.co/RQ9JAJaToE",""
"Mon May 18 20:07:01 +0000 2020","❤️ 😔 🙏","California"
"Mon May 18 20:07:38 +0000 2020","Yes","New York"
"Mon May 18 20:07:44 +0000 2020","The dream of homeownship is such an amazing accomplishment. This smile reflects the feeling of peace, love , and tr… https://t.co/j0PsaFW9Dq","Texas"
"Mon May 18 20:07:45 +0000 2020","@ICN_DJ My new episode is out!!! \n\nOn this episode, I update folks on the ghetto ass state our country is in, 5 thi… https://t.co/zGU74G0Bpj","New York"
"Mon May 18 20:07:46 +0000 2020","@staceyabrams @SamanthaP_Jones @K_JeanPierre @KamalaHarris @khalenNOTkaylen @JoeBiden @WesleyBell4STL… https://t.co/mhqHjOHVYv","Missouri"
"Mon May 18 20:08:07 +0000 2020","Vote by mail is not a partisan issue—at least not among millennial legislators.","Iowa"
"Mon May 18 20:08:15 +0000 2020","Thank you Mr. President for doing a great job. Its China that is responsible for life lost anywhere due to this Cov… https://t.co/k8tuJdDq8b","North Carolina"
"Mon May 18 20:08:17 +0000 2020","""China used travelers to “seed” Covid-19, says Trump aide Navarro"" https://t.co/x0PaGkxPF0","North Carolina"
"Mon May 18 20:08:24 +0000 2020","@realDonaldTrump @washingtonpost The Covid Virus wasn't even around during the Obama Administration Jack Ass","Maryland"
"Mon May 18 20:08:48 +0000 2020","I just signed a @commoncause petition to the U.S. Senate: Don’t let COVID-19 upend our democracy! Sign here: https://t.co/WgDJ0pXrSG","Michigan"
"Mon May 18 20:08:57 +0000 2020","@steevdeer @whchapman @aerix88 @thegoodzachconn @GovMikeDeWine You know governor Dewine is Ohio not New Jersey righ… https://t.co/b1NUzUCTYG","Colorado"
"Mon May 18 20:09:08 +0000 2020","An anonymous contact tracing app to help protect my community from COVID-19? I’m in. Visit https://t.co/00ZEvtWJ6M for details!","Pennsylvania"
"Mon May 18 20:09:08 +0000 2020","Quisiera que esto lo publicara una cuenta parodia pero no, es la oficial.","Wisconsin"
"Mon May 18 20:09:11 +0000 2020","Yes!!!! Thank you for acknowledging lost sports for youth too and the mental affects! #openoregon \nCyril H. Wecht:… https://t.co/FnnRz1S8RW","Oregon"
"Mon May 18 20:09:14 +0000 2020","The only thing that can save us from the corona virus https://t.co/l29D8hWY0i","Indiana"
"Mon May 18 20:09:20 +0000 2020","Your noncompliance \nis going to make CoViD\n19 great again\n\n#haiku #HarveysHaikus","Maryland"
"Mon May 18 20:09:21 +0000 2020","ima be in that bitch like https://t.co/Y5Nu5wndqT","New Jersey"
"Mon May 18 20:09:22 +0000 2020","Also companies that are financially viable using COVID as an excuse to reduce employee wages and pad profits are simply disgusting","Massachusetts"
"Mon May 18 20:09:24 +0000 2020","USAID head to UN Secretary General: Stop peddling abortion as COVID-19 relief | News | LifeSite https://t.co/WTPGjNb2uu","Pennsylvania"
"Mon May 18 20:09:26 +0000 2020","https://t.co/7QcsEC1yxp Happy to see health and safety are the priority. Looking forward to hearing what is next fo… https://t.co/Ji4Zw93vws","North Carolina"
"Mon May 18 20:09:28 +0000 2020","@cvpayne listen Charles, Prayer is good! The Chinese know our weaknesses Now! The Covid-19 was designed in a Lab as… https://t.co/GQK9QFVq4p","Arizona"
"Mon May 18 20:09:33 +0000 2020","@DragoCordis @PaulaKayMartin @thinkstrategy5 @lordbuckly @NPR I suppose this lady is not speaking factual.  https://t.co/Rnc9ssyT2K","Indiana"
"Mon May 18 20:09:33 +0000 2020","@LeonardNorthcu1 @davidtrumble53 @JeffreyGuterman @realDonaldTrump The charity is a political prosecution and I thi… https://t.co/tcJ4jXfRQQ","Virginia"
"Mon May 18 20:09:35 +0000 2020","https://t.co/wE17ntt0Ma","Connecticut"
"Mon May 18 20:09:46 +0000 2020","José Adán Montes de @colmed_es dijo que es necesario que el gobierno fortalezca la vigilancia epidemiológico donde… https://t.co/EZnId5YwKY","Texas"
"Mon May 18 20:09:46 +0000 2020","Just when you thought it was time to work towards normal, you're reminded that there will be repercussions from thi… https://t.co/jjbygvYkAQ","Virginia"
"Mon May 18 20:09:54 +0000 2020","California has announced that pro sports can begin without fans the first week of June. \n\nThis is huge news for the… https://t.co/yAaiNRuVz7","California"
"Mon May 18 20:10:12 +0000 2020","Terrific final school show of the school year by @CWHS_CDubMedia @CyFairISD Great Learning at home by our video stu… https://t.co/bg7SPf110B","Texas"
"Mon May 18 20:12:09 +0000 2020","I just signed a @commoncause petition to the U.S. Senate: Don’t let COVID-19 upend our democracy! Sign here: https://t.co/2ZjxyP63BI","Maryland"
"Mon May 18 20:12:12 +0000 2020","I can hear the DJs now “if you survived COVID-19 make some mf’n noise!”😂","Michigan"
"Mon May 18 20:12:22 +0000 2020","@MegaQuack24 .....this is how covid started.","Washington"
"Mon May 18 20:12:47 +0000 2020","@Davey3482 @coachtodaro @nowthisnews @NGA @POTUS @CDCgov @NIH @AP @WhiteHouse @WHO @ODNIgov Fair point.  I was look… https://t.co/hXVvsPXXYg","Maryland"
"Mon May 18 20:12:53 +0000 2020","He and Daddy went to the same medical school.\nEric Trump Claims Social Distancing Is a Democrat 'Strategy' and COVI… https://t.co/8Jbm8g3ZB9","Oklahoma"
"Mon May 18 20:13:01 +0000 2020","See thread for updated regs on who should get tested for #COVID19 as well as new synptoms to watch for ⬇️","New York"
"Mon May 18 20:13:01 +0000 2020","Beginning to think that, efficient route-planning as it is, I shouldn’t have done my liquor shopping before droppin… https://t.co/h3aIDsgChR","New Jersey"
"Mon May 18 20:13:10 +0000 2020","@Martinsuz I bet he’s got COVID","North Carolina"
"Mon May 18 20:13:14 +0000 2020","NEGATIVE FOR SARS-COV-2 (COVID-19)!!!","New York"
"Mon May 18 20:13:14 +0000 2020","https://t.co/3WYnKe2Zjh Here is more on the start up of surgeries today at Lawrence &amp; Memorial hospital #NewLondon","Connecticut"
"Mon May 18 20:13:29 +0000 2020","Lies, damn lies and Georgia lies.","California"
"Mon May 18 20:13:45 +0000 2020","Mfw injecting Clorox didnt cure my COVID-19\n\n@1AndOnlyBigSexy https://t.co/6eWBbEwEHe","Illinois"
"Mon May 18 20:14:06 +0000 2020","Trump praised China’s response. Trump sent PPE’s to China ignoring being told Covid-19 in USA.","California"
"Mon May 18 20:14:10 +0000 2020","@mattw6767 @chuckwoolery A guy at work lost his son in a car accident unfortunately he was DOA when the ambulance s… https://t.co/lF9PVOMpDR","Massachusetts"
"Mon May 18 20:14:12 +0000 2020","Ok im bout to mute covid and coronavirus","Ohio"
"Mon May 18 20:14:29 +0000 2020","Trump and his Republican allies have given up on COVID-19 — and now are only offering incoherent rhetoric about ‘ch… https://t.co/kAk2rRddU5","Michigan"
"Mon May 18 20:14:53 +0000 2020","Castlight Health - COVID-19 Test Site Finder: Get Information on Coronavirus Testing Near You… https://t.co/OsPE4Ec91k","New York"
"Mon May 18 20:14:56 +0000 2020","#Trump\n#Republicans\n#coronavirus\n#pandemic\n#COVID\n#COVIDー19\n\nTrump and his Republican allies have given up on COVID… https://t.co/7L7kU8eSvf","Georgia"
"Mon May 18 20:15:01 +0000 2020","That's a pic from 2016","Mississippi"
"Mon May 18 20:15:03 +0000 2020","Great Op Ed by @mtwyouth Proud that @GLADLaw is in the new the MA Child Welfare / Covid-19 coalition with them,… https://t.co/SI3ba7b5Hz","Massachusetts"
"Mon May 18 20:15:09 +0000 2020","@Diane_Warren Doesn't sound like COVID. \nDidn't know he became a cop, got shot five times in one incident.","California"
"Mon May 18 20:15:32 +0000 2020","Man FUCK YALL","California"
"Mon May 18 20:15:37 +0000 2020","@kb42619 @ABC7 It had decreased tremendously. My hospital has 5 floors of ICU each floor w/ a specific specialty, s… https://t.co/FraZ1Q1dvn","California"
"Mon May 18 20:15:37 +0000 2020","“Chasin’ You” is No. 1! 🏆 Congratulations to writers @MorganWallen #JamieMoore and @thebigloudshirt on topping the… https://t.co/XI3H7byDSo","Florida"
"Mon May 18 20:15:43 +0000 2020","@CedEntertainer @TheRealMikeEpps @russwest44 @UncleRUSH\n@CoachTomlin \nHelp make this go national.","Missouri"
"Mon May 18 20:16:14 +0000 2020","@DavidStacy410 @leakservicer @BethTransueIFBB @robsmithonline I would think all those would be Covid-19 related..… https://t.co/SpBpg1znQ5","New York"
"Mon May 18 20:16:34 +0000 2020","The only deaths that matter now are the cOvid-related ones? What about suicides and homocides? I have become sick t… https://t.co/VVKPfASHMc","New Mexico"
"Mon May 18 20:16:47 +0000 2020","Eric Trump is a prophet from God!  I just heard him say on Fox news that come November 3rd the Corona virus will ma… https://t.co/z4Yf0NQ9sT","Florida"
"Mon May 18 20:17:32 +0000 2020","@ZuzuOnFire @StevePoliti Going to post a couple things that collectively make my stance.  First is what is herd imm… https://t.co/CfgcCIhA9m","New Jersey"
"Mon May 18 20:17:37 +0000 2020","gotta wait until January for the vaccine 🥴","Texas"
"Mon May 18 20:17:40 +0000 2020","More ammo for the “anticoagulation in COVID-19 argument”. Observational study so can’t determine what confounders a… https://t.co/r0lvxP2Dhq","Indiana"
"Mon May 18 20:17:49 +0000 2020","So you are acknowledging by the most unsuccessful effort to contain COVID to date by thenTrp administration that it… https://t.co/Sj4SEZPJTb","California"
"Mon May 18 20:17:50 +0000 2020","@maddow So Realtors have to disclose if someone has died in a house before you buy it, but the ADHS doesn't have to… https://t.co/3IgBOsnXMz","California"
"Mon May 18 20:17:59 +0000 2020","👏👏Song of the Year!!!@googoodolls Fearless!!💪❤️🎶❤️","New York"
"Mon May 18 20:18:06 +0000 2020","Just like our socialists","Georgia"
"Mon May 18 20:18:07 +0000 2020","Charlestown COVID Testing Site by appointment. At least 1 symptom...","Massachusetts"
"Mon May 18 20:18:15 +0000 2020","America First! We are #1 in Mass Shottings, #1 in Homicides, #1  in ruining our environment since Trump, #1 in Covi… https://t.co/1GuX8pDpbo","Pennsylvania"
"Mon May 18 20:18:17 +0000 2020","Author meets critics panels look a little difference in the age of covid. If you haven’t yet purchased… https://t.co/1o5TaF3idv","Texas"
"Mon May 18 20:18:23 +0000 2020","#RyanSeacrest @RyanSeacrest \n\nAs we all pray for you 🙏.","New York"
"Mon May 18 20:18:23 +0000 2020","One library in Edinburg needed to close their doors to the public back in March in order to follow important COVID-… https://t.co/B4nmU5BpJF",""
"Mon May 18 20:18:36 +0000 2020","Comical","Hawaii"
"Mon May 18 20:18:40 +0000 2020","May the Boyce Family Have our Sincerest Condolences on the Loss Of Heather Russo(Boyce). She passed away due to Com… https://t.co/NGRtEtvNUR","California"
"Mon May 18 20:18:40 +0000 2020","A must listen too this dad's child died of Covid but not how you think. Prayers to him and family. This broke my he… https://t.co/fwtwZg5em2","Florida"
"Mon May 18 20:18:51 +0000 2020","My barber is back at work, gyms are open &amp; bars open Friday. I don’t want COVID but fuck I might risk it.  https://t.co/odB8J6tJaL","Texas"
"Mon May 18 20:18:52 +0000 2020","Want to know what research has been conducted on schools and food security during COVID-19? Feel free to join this… https://t.co/8yi5wC7Gc0","Illinois"
"Mon May 18 20:18:57 +0000 2020","please pray that my sweet great great aunt’s COVID-19 test comes back negative 🥺","Texas"
"Mon May 18 20:19:00 +0000 2020","COVID voting 2020 https://t.co/LSZsMhPU5E",""
"Mon May 18 20:19:07 +0000 2020","COVID Deaths in US Approach 100,000 as Trump Administration Misleads Public https://t.co/kH7uWG1h12 via @truthout","North Carolina"
"Mon May 18 20:19:20 +0000 2020","This is, by far, the most predictable disappointment of this crisis.","Oregon"
"Mon May 18 20:19:26 +0000 2020","Apparently people are COVID-19 panic driving. . . SHEESH. Take the masks off in your car so you can get some oxygen to your brain.","Ohio"
"Mon May 18 20:19:26 +0000 2020","This 👇👇👇👇","North Carolina"
"Mon May 18 20:19:28 +0000 2020","The things invented in Covid 19:  When Ms Papesh went to drop off her end-of-year student gift to @ireDCSD 3rd grad… https://t.co/v6TY0YqYLv","Ohio"
"Mon May 18 20:19:33 +0000 2020","@Capitals Cancel the season so we can get our money back! Spent over $500 on tickets for the March 14 game! This is… https://t.co/ifRbtsokVE","Texas"
"Mon May 18 20:19:38 +0000 2020","#coronavirus\n#COVID\n#COVIDー19\n#trump\n#DumpTrump\n#DonTheCon\n#pandemic\n\nMorning Joe paints frightening portrait of ‘a… https://t.co/MtmMpe27rX","Georgia"
"Mon May 18 20:19:40 +0000 2020","Immediately after we lost nearly 3,000 fellow Americans on Sept 11, 2001, we launched a global war on terror in ret… https://t.co/USyWx3m9F1","Oklahoma"
"Mon May 18 20:19:44 +0000 2020","Probably not. At this moment, Trump has in his hands the chicken with the golden eggs. Admitting to the virus could… https://t.co/KZ9rPmJTPu","Florida"
"Mon May 18 20:20:06 +0000 2020","Watching golf is even more boring than watching paint dry. @realDonaldTrump #golfontvgivesmemigraines","New Jersey"
"Mon May 18 20:20:11 +0000 2020","Covid is CURED! https://t.co/VOoUn0PELM","Pennsylvania"
"Mon May 18 20:20:21 +0000 2020","Senior Spotlight – Aryton Daniels, Roff High School\nAryton enjoys playing his guitar, working on his PC, and spendi… https://t.co/27t3K7OEAK","Oklahoma"
"Mon May 18 20:20:35 +0000 2020","I can’t get over how we got tired of #COVID and just decided it was over","Illinois"
"Mon May 18 20:20:39 +0000 2020","Author(s) meets critics panels look a little different in the age of covid. If you have not purchased… https://t.co/kXh8i54hXG","Texas"
"Mon May 18 20:21:04 +0000 2020","Panelists include Dean Davidson and Professor Cynda Rushton @nursingdean @CyndaEthx Amazing opportunity to listen t… https://t.co/oUBgxswcXD","Maryland"
"Mon May 18 20:21:05 +0000 2020","HAPPENING NOW: COVID-19 Testing site this afternoon at McKinley United Methodist Church in Dayton. Organizers say t… https://t.co/59v2STjnmU","Ohio"
"Mon May 18 20:21:09 +0000 2020","@KatyTurNBC So many people insisting that flu is even worse than Covid. So now I have even more of a reason to mask-up.","Missouri"
"Mon May 18 20:21:27 +0000 2020","COVID-19 Art Museum @PParkPanthers is here! “It was beautiful to see so many of our students participate and expres… https://t.co/6MBwScvImN",""
"Mon May 18 20:21:30 +0000 2020","@ZuzuOnFire @StevePoliti Combine that with more recent studies like this and you are talking about lapping  everyth… https://t.co/bfy0aXaAbi","New Jersey"
"Mon May 18 20:21:47 +0000 2020","And huge shout out to the 100,000 of you faking your deaths. #TeamEffort","Colorado"
"Mon May 18 20:21:56 +0000 2020","This is for your pleasure 🎻🎸🎺🎷🥁🎤. be and stay blessed. Be safe in times of COVID-19.  – ♫Water to Drink (Agua de Be… https://t.co/quMlw7L2rG","California"
"Mon May 18 20:22:07 +0000 2020","@DragoCordis @PaulaKayMartin @thinkstrategy5 @lordbuckly @NPR https://t.co/oM3wbslCbV.   Dr Birx says the same. I w… https://t.co/DS9IhTQVuO","Indiana"
"Mon May 18 20:22:13 +0000 2020","Andrew Cuomo and other Blue State governors that have placed covid-19 patients in nursing homes should be prosecute… https://t.co/9CCPa5Bxaz","North Carolina"
"Mon May 18 20:22:32 +0000 2020","@MarkDavis I have a theory: Trump’s ongoing COVID pressers are excellent because it keeps him and his answers sharp… https://t.co/jmQ4xdE0CB","Texas"
"Mon May 18 20:22:35 +0000 2020","I’m in the mood to drive to Mississippi for the night. Just to get away. Then COVID-19 comes to mind","Louisiana"
"Mon May 18 20:22:44 +0000 2020","@notcapnamerica I was all for a COVID vaccine until Trump stuck his grimy orange thumb in the pie. He says we will… https://t.co/FPWnq0dIkl","Georgia"
"Mon May 18 20:22:54 +0000 2020","MOOD BOOTY 2020\n*Summer Shorts*\nWomen Shorts Available\nBuy 2 - Get 1 Free -Discount\n\nSizes - S- 4X\nPre Order Soon (… https://t.co/TUNKe7eYhT","Georgia"
"Mon May 18 20:23:01 +0000 2020","Australia announces bid to win back tourists after worst bushfires on record and the coronavirus pandemic.… https://t.co/LMCUlmlZQI","Georgia"
"Mon May 18 20:23:15 +0000 2020","@MsOedipaMass I did the free covid test from the city a week ago. Haven't done the antibody one.","California"
"Mon May 18 20:23:17 +0000 2020","So “a post COVID world” is going to be the new office buzzword I guess.","New Jersey"
"Mon May 18 20:23:23 +0000 2020","Interested in COVID-19 Contact Tracing?\nApply here: https://t.co/gsGiz8Wq2g","Illinois"
"Mon May 18 20:23:38 +0000 2020","Yes, how am I doing?! 🤪😅","Tennessee"
"Mon May 18 20:23:50 +0000 2020","@B52Malmet Let trump hold rallies with his idiot voters who refuse to wear masks &amp; social distance. Watch for Covid… https://t.co/lX3TU7K7Ja","California"
"Mon May 18 20:23:58 +0000 2020","The Dorr brothers are behind the lock down protests. Three pro gun activists using the lock down as a trigger point… https://t.co/4OVfEPTEUI","California"
"Mon May 18 20:24:03 +0000 2020","@jerryferrara I can’t believe it’s almost 5 years since the entourage movie came out. Besides a cure for covid-19 c… https://t.co/fy4jqypfkU","New York"
"Mon May 18 20:24:12 +0000 2020","@Quonar @cnnbrk I live in AZ. The Navajo Nation has been getting fucked by Covid with very little national attentio… https://t.co/7SjRNogKf4","Arizona"
"Mon May 18 20:24:16 +0000 2020","I'm not afraid of this damn virus, what bothers me is suffering Americans do to covid-19 or 36 million unemployed o… https://t.co/VXn90fI0MK","North Carolina"
"Mon May 18 20:24:17 +0000 2020","What a mess. #COVID \nhttps://t.co/VoUjAhlBxO","Ohio"
"Mon May 18 20:25:07 +0000 2020","Animated Booty 2020\n*Summer Shorts*\nWomen Shorts Available\nBuy 2 - Get 1 Free\n\nSizes - S- 4X\nPre Order Soon (Covid… https://t.co/6s7nAdGDvi","Georgia"
"Mon May 18 20:25:24 +0000 2020","That’s good news","Ohio"
"Mon May 18 20:25:51 +0000 2020","Excited for the team to share their findings. Should be great event!","Nebraska"
"Mon May 18 20:26:54 +0000 2020","Wtf is in this corona virus air that has my cramps, for the second month in a row, unbearably painful? 🤢😵","California"
"Mon May 18 20:26:56 +0000 2020","The ex-pharma exec leading Trump's COVID-19 vaccine program has $10 million in stock options for a company getting… https://t.co/MyDNKti9IE","Texas"
"Mon May 18 20:27:01 +0000 2020","Soft Booty 2020\n*Summer Shorts*\nWomen Shorts Available\nBuy 2 - Get 1 Free\n\nSizes - S- 4X\nPre Order Soon (Covid 19-… https://t.co/fEPnHoC5fp","Georgia"
"Mon May 18 20:27:03 +0000 2020","Great for you Alex. I got my COVID-19 test last Friday. Expecting results any day, but no symptoms. Just gotta know.","Arizona"
"Mon May 18 20:27:32 +0000 2020","@inafelltoearth And the reports of the post-covid symptoms are pretty terrifying too. You'd think potentially perma… https://t.co/Sl223hgvct","Oregon"
"Mon May 18 20:27:35 +0000 2020","Americans end up paying for Trump’s tariffs on China. \nAmericans end up dying for Trump’s inability to being a lead… https://t.co/OHLHEyFqN4","California"
"Mon May 18 20:27:37 +0000 2020","What in a the fresh HELL???","New York"
"Mon May 18 20:27:45 +0000 2020","Meanwhile boomer grandparents are like Santa Claus is real, but COVID-19 is a hoax.","Illinois"
"Mon May 18 20:27:48 +0000 2020","This is for your pleasure 🎻🎸🎺🎷🥁🎤. be and stay blessed. Be safe in times of COVID-19.  – ♫Sunburst by Sean U, from… https://t.co/erpUIyXoXm","California"
"Mon May 18 20:27:52 +0000 2020","Knew this","Louisiana"
"Mon May 18 20:28:41 +0000 2020","@SonGeneSon @MarshallCross69 @travion23 @pabIoestrada @CashNastyGaming Do you honestly think cramps are contagious… https://t.co/HBfOEkOv1E","Virginia"
"Mon May 18 20:29:03 +0000 2020","@OneJurorMatters @bones7616 @kandinsky68 @dagobootie @Judy80sforever  oh boy smh","Illinois"
"Mon May 18 20:29:05 +0000 2020","Gyms and in Texas open today and I’m finally getting a membership. Thanks COVID-19. https://t.co/XrLYpM2c9T","Texas"
"Mon May 18 20:29:20 +0000 2020","you can be asymptomatic. you can be presymptomatic. without knowing it, you can spread COVID-19 when you go to the… https://t.co/5sF1ByRAy0","California"
"Mon May 18 20:29:27 +0000 2020","An intriguing prospect","California"
"Mon May 18 20:29:33 +0000 2020","Covid turned the strip joint into a peep show 😂😂😂","Ohio"
"Mon May 18 20:29:36 +0000 2020","Tasty Booty 2020\n*Summer Shorts*\nWomen Shorts Available\nBuy 2 - Get 1 Free\n\nSizes - S- 4X\nPre Order Soon (Covid 19-… https://t.co/joPCxdnKkC","Georgia"
"Mon May 18 20:29:47 +0000 2020","I blame tRump","North Carolina"
"Mon May 18 20:29:51 +0000 2020","‘Baltimore Black-Led Solidarity Fund’ launches to provide micro-grants for black-led organizations impacted by COVI… https://t.co/c0RYJDy73P","Maryland"
"Mon May 18 20:30:41 +0000 2020","@Pedrrroooaaarrr I think it would be fair to have a contract that pays players deferred compensation (for what they… https://t.co/0XX9Jr8NvX","Indiana"
"Mon May 18 20:30:41 +0000 2020","Those that watch FOX news and other misfits,got wrong advise as usual. Right Sean!","Florida"
"Mon May 18 20:30:43 +0000 2020","The answer is: your life","Massachusetts"
"Mon May 18 20:30:45 +0000 2020","President Trump just said he takes Hydroxychloroquine with Zinc to prevent him from getting COVID-19 and he’s recom… https://t.co/7sbnosD7qV","California"
"Mon May 18 20:30:52 +0000 2020","President Trump just told the Press right now that he is taking Hydroxy Chloroquine and Zinc as a Preventive agains… https://t.co/3VyjwJbnMx","California"
"Mon May 18 20:31:12 +0000 2020","US Pres Trump: Not Been Exposed To Covid-19 But I Am Taking Malaria Drug Hydroxychloroquine","New York"
"Mon May 18 20:31:15 +0000 2020","@myhlee @maggieNYT Trump’s favorite Covid-19 Abbott Test has a high percentage of false negatives.","California"
"Mon May 18 20:31:19 +0000 2020","At this time, we are sad to announce that the former Lets Prep salon is no longer. After the effects of Covid, we h… https://t.co/OHWCQIOad8","Maryland"
"Mon May 18 20:31:28 +0000 2020","@frankart07 Sorry for trying to be positive lol I feel like you're cheering for the corona virus so I don't go too a wrestling event? Lol","Ohio"
"Mon May 18 20:31:32 +0000 2020","2500.00 for people to be able to pay their bills and stay home and badly needed money for states and the USPS. You… https://t.co/2f16JNDNa0","California"
"Mon May 18 20:32:01 +0000 2020","Covid Approved gas masks are back in stock.  These are perfect for your next trip to the grocery store! @ Machine G… https://t.co/k05yHiSivK","Colorado"
"Mon May 18 20:32:05 +0000 2020","A5) Celebrating our teachers and students in a different way. I added new things to PBIS and also got shirts orders… https://t.co/3anecVkLbu","South Carolina"
"Mon May 18 20:32:05 +0000 2020","More proof #TrumpIsAnIdiot and a #LiarInChief #COVIDIDIOTS #COVID__19 #COVID https://t.co/LIDbRFvcvO","Ohio"
"Mon May 18 20:32:25 +0000 2020","Might explain the late night erratic behavior. Deadly combination when viewing a @TheRickWilson ad on Tucker.","California"
"Mon May 18 20:32:41 +0000 2020","Oh Pleeeeze! https://t.co/PgyMiJ6eQg","Florida"
"Mon May 18 20:32:47 +0000 2020","As the state lifts more restrictions, Mayor @SylvesterTurner encourages people to keep wearing facial coverings and… https://t.co/F3ETdY0Mnf","Texas"
"Mon May 18 20:32:47 +0000 2020","This is disgraceful! B/c of Wa.DOH knew that LTC’s were in jeopardy, yet nothing was done. As a first responder, I… https://t.co/ZvD8KfE8GT","New Jersey"
"Mon May 18 20:32:51 +0000 2020","John Trump is lying you are so gullible","Texas"
"Mon May 18 20:33:11 +0000 2020","Interesting read... especially if you like a Stephen King horror. This “financial nightmare” has been building for… https://t.co/a8Eq8UWuuj","North Carolina"
"Mon May 18 20:33:14 +0000 2020","And the growing opposition of several European capitals to the CCP behavior only weakens the appeal of an EU that a… https://t.co/Ffca9ATkrF","District of Columbia"
"Mon May 18 20:33:17 +0000 2020","Well, now his people will really start demanding that drug that has no real effects on COVID but causes heart probl… https://t.co/AYYdE5jsey","North Carolina"
"Mon May 18 20:33:17 +0000 2020","Good news","Massachusetts"
"Mon May 18 20:33:25 +0000 2020","@LukeJett @FullCountTommy @bagman928 People who don’t live down hear will never understand. Numbers are wrong. Lite… https://t.co/Tvavkb8poi","Illinois"
"Mon May 18 20:33:50 +0000 2020","This is for your pleasure 🎻🎸🎺🎷🥁🎤. be and stay blessed. Be safe in times of COVID-19.  – ♫Sol Amor by Blake Aaron, f… https://t.co/qArrOAQbWo","California"
"Mon May 18 20:33:52 +0000 2020","Where can you get a COVID-19 test in Charlotte? Here are 30+ local spots in Mecklenburg.  https://t.co/IVVznukw7E","North Carolina"
"Mon May 18 20:34:12 +0000 2020","Soft Booty 2020\n*Summer Shorts*\nWomen Shorts Available\nBuy 2 - Get 1 Free\n\nSizes - S- 4X\nPre Order Soon (Covid 19-… https://t.co/h8CDBKIHIW","Georgia"
"Mon May 18 20:34:13 +0000 2020","My heart is smiling.","California"
"Mon May 18 20:34:22 +0000 2020","@DREADD_HOMELESS And this is pre-covid! 🤦🏿‍♂️","Kentucky"
"Mon May 18 20:34:22 +0000 2020","CHOCOLATE BOOTY 2020\n*Summer Shorts*\nWomen Shorts Available\nBuy 2 - Get 1 Free\n\nSizes - S- 4X\nPre Order Soon (Covid… https://t.co/QHyJoKvTJX","Georgia"
"Mon May 18 20:34:25 +0000 2020","🍺 Texas bars can open with restrictions and restaurants can start seating at 50% capacity this Friday, May 22\n.\nWil… https://t.co/sZZFR84k0l","Texas"
"Mon May 18 20:34:31 +0000 2020","NYC officials worry as locals abandon social distancing to go to bars and beaches https://t.co/C20aVqU37t","New York"
"Mon May 18 20:34:33 +0000 2020","THIRSTY BOOTY 2020\n*Summer Shorts*\nWomen Shorts Available\nBuy 2 - Get 1 Free\n\nSizes - S- 4X\nPre Order Soon (Covid 1… https://t.co/mHevJLZQpE","Georgia"
"Mon May 18 20:34:46 +0000 2020","Literally me I-","Ohio"
"Mon May 18 20:34:48 +0000 2020","@mary_pezzulo @GovMikeDeWine This is as of today. Current trends on the Covid 19 dashboard https://t.co/62P7csjEY1","Ohio"
"Mon May 18 20:34:50 +0000 2020","I hate covid -19","Michigan"
"Mon May 18 20:34:53 +0000 2020","COVID can absolutely stick it.","Texas"
"Mon May 18 20:35:01 +0000 2020","Some of y’all never lost a loved one to COVID and it shows.","Washington"
"Mon May 18 20:35:17 +0000 2020","Off to work! 🙄😷","Arizona"
"Mon May 18 20:35:21 +0000 2020","@LukeJett @bagman928 People who don’t live down here will never understand. Numbers are not accurate with calling a… https://t.co/JusdmM3WqA","Illinois"
"Mon May 18 20:35:34 +0000 2020","Didn’t think 6th street could get dirtier but opening ahead of COVID, possible.","Texas"
"Mon May 18 20:35:38 +0000 2020","@JaneR46915034 @JeffreeStar People die everyday though regardless of this pandemic... There are more people dying f… https://t.co/eREgsQw3u8","Texas"
"Mon May 18 20:35:43 +0000 2020","@dougducey First, you shut down CV-19 research at UofAZ, and bc of backlash, research has restarted. Now, you follo… https://t.co/LFf3lk3FGu","Arizona"
"Mon May 18 20:35:47 +0000 2020","President Trump just announced he's taking hydroxychloroquine. Been taking it for the past week and half. But had no symptoms of COVID-19","New York"
"Mon May 18 20:35:48 +0000 2020","Heart problems including Cardiac arrest","Texas"
"Mon May 18 20:36:01 +0000 2020","J.B. Pritzker, Democrat Governor of Illinois owns a lab company that has been doing testing for covid since mid Mar… https://t.co/TnWcmwayL1","Illinois"
"Mon May 18 20:36:01 +0000 2020","Apparently Linda from Dealer Processing is an  #EssentialWorker. She’s called twice today.  #COVID","Texas"
"Mon May 18 20:36:03 +0000 2020","His supporters are going to take it thinking he's telling the truth. This is just irresponsible","Maryland"
"Mon May 18 20:36:26 +0000 2020","New cases in NYC only increased 665 over a 1 day period. That’s the lowest case growth to date. The pattern continu… https://t.co/U7YmtSj89d","New York"
"Mon May 18 20:36:41 +0000 2020","This is an incredible story by @KayleeHartung. And I love the message from @RobinRoberts: Make your mess your messa… https://t.co/daxsuXwGyO","Kansas"
"Mon May 18 20:36:51 +0000 2020","This is awful.","Tennessee"
"Mon May 18 20:36:51 +0000 2020","@BillBob_RFD Her rationale was the symptoms can mirror #COVID when seroconverting. Problem is, people would get car… https://t.co/jHlu7ppZwe","Illinois"
"Mon May 18 20:36:52 +0000 2020","@realDonaldTrump that's right douche, you keep taking a drug that the FDA has not proven to be acceptable in the tr… https://t.co/LL1wva8HBP","New York"
"Mon May 18 20:37:13 +0000 2020","Great read!","Ohio"
"Mon May 18 20:37:18 +0000 2020","@ruggles_dave Post COVID bar fights: https://t.co/AcnVIXqGZg","Illinois"
"Mon May 18 20:37:37 +0000 2020","Wake up America!","Florida"
"Mon May 18 20:37:44 +0000 2020","Start booking those flights!!1!\n\nNah just kidding, any vaccine is probably still a year away and will be in ridicul… https://t.co/wlizTHIPA2","New York"
"Mon May 18 20:37:51 +0000 2020","JUST IN: @realDonaldTrump just disclosed he’s been taking #Hydroxychloroquine for a few weeks against the White Hou… https://t.co/FX8m1Z4Eyj","Florida"
"Mon May 18 20:38:01 +0000 2020","Dr. Trump, because we made Dr. Oz a thing so why not?","North Carolina"
"Mon May 18 20:38:11 +0000 2020","@Fly_Norwegian Request for an update on cancellation and refund due to Corona virus &amp; travel advisories\nBooking ref… https://t.co/HARCcLWN7g","Florida"
"Mon May 18 20:38:14 +0000 2020","@TeamCavuto my father is in his 80’s who is morbidly obese, has been diagnosed with mersa pneumonia, sepsis and has… https://t.co/u1exDDAKWj","California"
"Mon May 18 20:38:19 +0000 2020","Considering our performance in the US he should have said nothing.","Maryland"
"Mon May 18 20:38:20 +0000 2020","Reminder: @US_FDA cautions against use of hydroxychloroquine or chloroquine for COVID-19 outside of the hospital se… https://t.co/7LWIofA34F","Maryland"
"Mon May 18 20:38:21 +0000 2020","What impact will #COVID19 have on the future of transit and open space here in New York?\n\nAdvocates @BrownBikeGirl… https://t.co/6A4GemEzId","New York"
"Mon May 18 20:38:21 +0000 2020","@TeamCavuto Neil Cavuto the drug didn’t kill the people, Covid did !!!! Also it was given to people that were to fa… https://t.co/bMlOHl0jju","New Jersey"
"Mon May 18 20:38:21 +0000 2020","Republicans will stop at nothing to keep people from voting.","New York"
"Mon May 18 20:38:31 +0000 2020","Covid-19 regardless of what we had done when would have been devastating however what made it so so devastating was… https://t.co/EaP7eojt5P","South Carolina"
"Mon May 18 20:38:36 +0000 2020","Does this mean he has covid-19?","North Carolina"
"Mon May 18 20:38:42 +0000 2020","Separating direct Covid-19 death from deaths that Covid-19 caused an existing condition to worsen resulting in the… https://t.co/fJD6sW4vPu","Colorado"
"Mon May 18 20:38:43 +0000 2020","@justdey @thekjohnston It doesn’t work for covid why would it matter?","Missouri"
"Mon May 18 20:38:43 +0000 2020","So happy help workers and colleagues in the entertainment industry who lost their jobs or need some sort of assista… https://t.co/83gyGFWBwG","California"
"Mon May 18 20:38:48 +0000 2020","My hope is that everything we are doing in our state will work and I hope we will not see spikes. \n\nThe wearing of… https://t.co/gFjCyw19RR","Texas"
"Mon May 18 20:38:50 +0000 2020","I’m excited for this! Join us!","New York"
"Mon May 18 20:38:52 +0000 2020","Inspection day. Rain nor COVID will stop us! #westonhomes #sellingrealestate #browardrealestateagents… https://t.co/ylbax3GRzS","Florida"
"Mon May 18 20:39:02 +0000 2020",".@jaketapper Thanks for the #COVID updates.. however can you add in the many folks who recovered or the # of negati… https://t.co/qRDTeD09eI","Maryland"
"Mon May 18 20:39:05 +0000 2020","@JJon1983 @hind_leg @Bulldog2026 Yes, but understand that there is a vaccine and an antiviral Which without these t… https://t.co/Vck1pJJyl6","Mississippi"
"Mon May 18 20:39:12 +0000 2020","@AGEllison thank you for your support in the fact it is not safe to open restaurants and social distancing of 6 ft… https://t.co/7a5fMKXPnZ","Minnesota"
"Mon May 18 20:39:16 +0000 2020","@AscotCaper @MollyJongFast Yeah. Except it causes heart problems for all of the COVID users. He’s lying. https://t.co/ZBBGQGAXTT","Texas"
"Mon May 18 20:39:21 +0000 2020","#Dad reassures Daughter💞 worried about #COVID with #daily trash Dropoff with a Twist 😍 Both Dad and Daughter in Cos… https://t.co/RXFQjDZhcR",""
"Mon May 18 20:39:24 +0000 2020","I guess the u.s decided covid-19 is gone on its own😂","Florida"
"Mon May 18 20:39:39 +0000 2020","We gotta do what we gotta do. #WuTang #coronavirus #COVID https://t.co/1sTTNpknOV","Massachusetts"
"Mon May 18 20:39:41 +0000 2020","I don’t give a fuck about myself 🤷🏼‍♀️","California"
"Mon May 18 20:40:00 +0000 2020","Rockford Elementary holds graduation parade during COVID-19 https://t.co/SkTQyuN5eE via @dailytimes","Tennessee"
"Mon May 18 20:40:03 +0000 2020","“everyone’s worried about covid-19 .. but i’m worried liver failure” - Christian","Missouri"
"Mon May 18 20:40:14 +0000 2020","We can’t possibly be that lucky.  He is probably trying to pray the Covid away.","California"
"Mon May 18 20:40:20 +0000 2020","I just signed a @commoncause petition to the U.S. Senate: Don’t let COVID-19 upend our democracy! Sign here: https://t.co/ggVs5klxNI","California"
"Mon May 18 20:40:21 +0000 2020","Got lucky enough to get a great view of today’s B-52 flyover!  These beasts have always fascinated me...so this was… https://t.co/BdHwij3lR7","North Dakota"
"Mon May 18 20:40:24 +0000 2020",".@GovernorsOffice Great Job !","Pennsylvania"
"Mon May 18 20:40:25 +0000 2020","Yes. Whether the mainstream wants to discuss it or not... #facts","North Carolina"
"Mon May 18 20:40:28 +0000 2020","@liamjohnsonNY Could easily be arranged. (Post covid of course)","New York"
"Mon May 18 20:41:03 +0000 2020","Haitian President Dumarais Estimé started the Flag Day Celebration with parades, cultural and athletic events in ma… https://t.co/13ZSDlUB8X","Florida"
"Mon May 18 20:41:18 +0000 2020","Ya boy is covid free 🥳","Texas"
"Mon May 18 20:41:22 +0000 2020","and disapprove of their 'social credit system'. I hope none of you will download the Covid-19 app, but if you inten… https://t.co/77HdUGLlRK","Florida"
"Mon May 18 20:41:37 +0000 2020","Well this sucks #COVID19 #CoronavirusOutbreak #France #school #CoronavirusPandemic","New York"
"Mon May 18 20:41:39 +0000 2020","@weijia Guess #Covid isn’t a hoax.","North Carolina"
"Mon May 18 20:41:40 +0000 2020","#coronavirus #COVID #COVID19 #COVID__19 #China Disgusting","Texas"
"Mon May 18 20:41:44 +0000 2020","@MarianneMcFee2 @johnrobertsFox @realDonaldTrump Show me source that’s COVID-19 specific. And not 15 years old. 🙄\n\nSeriously??","Ohio"
"Mon May 18 20:41:48 +0000 2020","With my updated calculations; by Sunday, there would be at least 100,000 deaths from COVID in the United States. Ju… https://t.co/Ps1sMqGILA","New York"
"Mon May 18 20:41:55 +0000 2020","@PeterNavarro45 Trumputin told you to say- ""COVID-19 was planted by Aliens"".\n\nNow put your ""Trump N-95 fake mask"" b… https://t.co/2Va31b05JK","California"
"Mon May 18 20:41:56 +0000 2020","@TheMrJPistachio I survived covid let’s go Justin","Texas"
"Mon May 18 20:42:03 +0000 2020","@Djloosekid with that loud OHHHHHHHHHHHH at the end","Florida"
"Mon May 18 20:42:04 +0000 2020","After all this COVID stuff is finished I wanna go on a trip. Idk where but I’m going somewhere","Texas"
"Mon May 18 20:42:05 +0000 2020","President Trump Announces : “I am taking Hydroxychloroquine w/Zinc”. He goes on to say “I am NOT Infected w/CoronaV… https://t.co/IEfzR6h9qc","Florida"
"Mon May 18 20:42:07 +0000 2020","Butte County pastor who defied and held an in-person Mother’s Day service that exposed 180 to the #COVID19 has spok… https://t.co/WInHt5eCaK","South Carolina"
"Mon May 18 20:42:10 +0000 2020","Only thing i learned during covid-19 is that people do dumb shit with the money 💰","Maryland"
"Mon May 18 20:42:25 +0000 2020","President Trump Announces : “I am taking Hydroxychloroquine w/Zinc”. He goes on to say “I am NOT Infected w/CoronaV… https://t.co/U86l62Xedy","Florida"
"Mon May 18 20:42:26 +0000 2020","@realDonaldTrump Did you undergo a baseline ECG prior to implementing #Hydroxychloroquine ? Are you taking… https://t.co/o61NoKxIPm","Kentucky"
"Mon May 18 20:42:34 +0000 2020","Neil Cavoto is screaming that it is dangerous and not to listen to the President. He has a crooked Dr who says it w… https://t.co/z4hJASenXd","California"
"Mon May 18 20:42:36 +0000 2020","This is for your pleasure 🎻🎸🎺🎷🥁🎤. be and stay blessed. Be safe in times of COVID-19.  – ♫The Scrapper by John Sneid… https://t.co/BCq6GCktRz","California"
"Mon May 18 20:42:40 +0000 2020","What could happen?","Illinois"
"Mon May 18 20:42:44 +0000 2020","I kinda miss the daily press conferences.","Ohio"
"Mon May 18 20:42:46 +0000 2020","@IPSY did COVID eat my bag? No problem charging me on 5/1 plus paying for add ons but here we 18 days later with lo… https://t.co/RkcZUPNRv5","South Dakota"
"Mon May 18 20:42:47 +0000 2020","Spoon-fed liberal orthodoxy! Can't think for themselves. Stupid is as stupid says...and you can't fix stupid!","Idaho"
"Mon May 18 20:42:52 +0000 2020","What medical condition is he taking it for? Has he tested positive or is just a recreational drug?","Nebraska"
"Mon May 18 20:42:53 +0000 2020","Providing a safe driving experience to every customer, so they can stay healthy from Covid and crashes.… https://t.co/JharWnPxLg","Florida"
"Mon May 18 20:43:04 +0000 2020","Um, does the president have COVID-19?","District of Columbia"
"Mon May 18 20:43:21 +0000 2020","@SpeakerPelosi What tha fuk are talking about, time is of the essence? You are not even in session.… https://t.co/3DyrHyTY19","Tennessee"
"Mon May 18 20:43:51 +0000 2020","MAGA Fan Peter Thiel Has Had It With Trump’s COVID Response https://t.co/FzMAdgKIC2 via @thedailybeast Hmm? Trump-o… https://t.co/RmzBU9MDgp","Nevada"
"Mon May 18 20:43:55 +0000 2020","WHAT!??????????????????????","Arizona"
"Mon May 18 20:43:55 +0000 2020","I have no words.","Washington"
"Mon May 18 20:44:04 +0000 2020","We had a great 4th quarter @UTChattanooga Institute of Teaching &amp; Learning @tynerupper @TA_FutureReady meeting. Hap… https://t.co/ctcnMCKxPp","Tennessee"
"Mon May 18 20:44:13 +0000 2020","@Courtney_Whaley No one Id rather catch Covid with ❤️","Texas"
"Mon May 18 20:44:15 +0000 2020","WHAT 🧐","California"
"Mon May 18 20:44:22 +0000 2020","So is he saying he tested positive for Covid-19?","Texas"
"Mon May 18 20:44:29 +0000 2020","This","California"
"Mon May 18 20:44:30 +0000 2020","As much as I long for an opportunity to use “defenstrate” in a sentence but this is madness.","Florida"
"Mon May 18 20:44:39 +0000 2020","‘My God is bigger than this virus’: Florida man said COVID-19 was a ‘fake crisis’  — but changed his tune after he… https://t.co/ozYl7j3Xgs","California"
"Mon May 18 20:44:39 +0000 2020","Infrastructure week is 🔥🔥🔥","Washington"
"Mon May 18 20:44:43 +0000 2020","The Rail","Maryland"
"Mon May 18 20:44:49 +0000 2020","Welp, we passed The Swamp a few days ago, and we're going to hit the Rose Bowl in a day or two in total covid-19 deaths.","California"
"Mon May 18 20:44:54 +0000 2020","@CBSNews Or he is Positive for COVID 19💕","North Carolina"
"Mon May 18 20:45:02 +0000 2020","@SteveFromPhilly @JaclynLeeTV @6abc @JoesSteaks I have to agree there’s several food places that are closed but the… https://t.co/XV7nzxlIOV","Pennsylvania"
"Mon May 18 20:45:15 +0000 2020","Finally. A movement I can get behind","Texas"
"Mon May 18 20:45:44 +0000 2020","🪑 IT TAKES A VILLAGE - Anacostia BID connecting small businesses and nonprofits to COVID-19 Recovery Resources  https://t.co/2dNvbRcVOx","District of Columbia"
"Mon May 18 20:45:54 +0000 2020","@TeamCavuto #John please correct your commi bastard traitor of America.  HE SPOKE AS IF A DOCTOR AND SHOULD BE ARRE… https://t.co/5lOXQH5qcG","Oklahoma"
"Mon May 18 20:45:56 +0000 2020","WHAT???? 😮","Florida"
"Mon May 18 20:45:56 +0000 2020","@TeamCavuto I believe a persons doctor would know best as they know their patients not you and it has to be prescri… https://t.co/ENgwRqxipQ","Kentucky"
"Mon May 18 20:46:03 +0000 2020","The Schuyler County Health Department received notification of two new positive cases COVID-19. https://t.co/ZO8VmaYm2a","New York"
"Mon May 18 20:46:06 +0000 2020","@DonSanchez215 @water4323 @realDonaldTrump @washingtonpost I looked online for covid testing.","Illinois"
"Mon May 18 20:46:06 +0000 2020","@lcarb4all @thiisweird @klawler9 @FatEmperor Yup.  How about you?  Show your data that demonstrates flu as bad as covid across age groups.","Indiana"
"Mon May 18 20:46:31 +0000 2020","Marriage Counselor: ""Why do you think your husband stopped talking to you?”\n.\n.\n.\n#marriage #couple… https://t.co/FmEIbyWPpk","New York"
"Mon May 18 20:46:33 +0000 2020","This is for your pleasure 🎻🎸🎺🎷🥁🎤. be and stay blessed. Be safe in times of COVID-19.  – ♫When The Red, Red Robin Co… https://t.co/Bdw65DaAjR","California"
"Mon May 18 20:46:38 +0000 2020","Vitamin D: A Low-Hanging Fruit in COVID-19?\n\nhttps://t.co/C9mA1IF1CZ","Arizona"
"Mon May 18 20:46:48 +0000 2020","https://t.co/ODeXVGmEVe Autonomous Eyewear and Innovation an evolutionary solution to Pandemics and COVID-19. Incor… https://t.co/iFB9kS1aMF","California"
"Mon May 18 20:47:01 +0000 2020","Jesus, I really hope he is taking it. I think he's lying though.","Nebraska"
"Mon May 18 20:47:10 +0000 2020","@TeamCavuto FAKE NEWS NEIL.  People In the risk group didn’t die from hydroxychloroquine they died from Covid.","New Jersey"
"Mon May 18 20:47:11 +0000 2020","He and Daddy went to the same medical school.\nEric Trump Claims Social Distancing Is a Democrat 'Strategy' and COVI… https://t.co/aMgFV4eWGa","Oklahoma"
"Mon May 18 20:47:12 +0000 2020","I enjoyed this so much, I broke from a social media fast to retweet. Of all the difficulties with COVID-19, not wit… https://t.co/kMAzX0tFWt","Michigan"
"Mon May 18 20:47:14 +0000 2020","Great. President Pill-Popper is taking more unnecessary medications. Does he have Covid-19? Why take it if you don’… https://t.co/RihpvjgF90","Washington"
"Mon May 18 20:47:22 +0000 2020","@MacEngelProf @kaitlancollins Yeah, he gets reports from doctors and countries who treat covid with HCQ+Azithromyci… https://t.co/1Y9iJOXJBp","Texas"
"Mon May 18 20:47:23 +0000 2020","@ianbremmer Did Trump test positive for Covid? If not, why is he taking hydroxychloroquine?","New York"
"Mon May 18 20:47:23 +0000 2020","So President #Trump is taking #Plaquenil?  But hasn't revealed the cause as to why he's taking it...  😳","Florida"
"Mon May 18 20:47:37 +0000 2020","Rent office: Ms. Jones will you be in to pay rent soon?\n\nHer: I’m still not getting paid because of COVID!\n\nUPS Man… https://t.co/iYELex9E5h","South Carolina"
"Mon May 18 20:47:41 +0000 2020","COVID-19 is a small danger compared to global warming but by all means back to business as usual.","West Virginia"
"Mon May 18 20:47:44 +0000 2020","&amp; this is why I dislike The Marina https://t.co/kFdGZNyTWu","California"
"Mon May 18 20:47:52 +0000 2020","I finally know someone diagnosed with covid 😢😢😢. I’m out of the transmission window since we’ve not hung out since… https://t.co/EKM7ScDxym","Missouri"
"Mon May 18 20:47:58 +0000 2020","This is for your pleasure 🎻🎸🎺🎷🥁🎤. be and stay blessed. Be safe in times of COVID-19.  – ♫Have Blues, Will Travel by… https://t.co/eJElh5DYdx","California"
"Mon May 18 20:48:03 +0000 2020","Just....what? #thevillageidiot #TrumpIsALoser","Arizona"
"Mon May 18 20:48:04 +0000 2020","And he washes it down with bleach","Arizona"
"Mon May 18 20:48:28 +0000 2020","Dude claims to take a malaria drug, that doesn’t work, in order to prevent getting covid, but wont wear a mask?\n\nGe… https://t.co/Kw7fMbgYLv","Minnesota"
"Mon May 18 20:48:33 +0000 2020","@GovAbbott essentially said, “Stay home if you’re sick, come over if you’re thiccc” today 😥","Texas"
"Mon May 18 20:48:50 +0000 2020","“Said”  being the operative word - I really doubt his doctors would allow it - and it’s for late stage covid treatm… https://t.co/HXDA3pWxeD","District of Columbia"
"Mon May 18 20:48:53 +0000 2020","Reporting “deaths with covid” as opposed to “deaths from covid” is Arguably the biggest government fraud of our entire lives.","Minnesota"
"Mon May 18 20:48:53 +0000 2020","WTF @dougducey ???? I demand to know what is happening in my state!!!","Arizona"
"Mon May 18 20:49:01 +0000 2020","Trumpsters will be downing the stuff like Skittles now. The might want to check the latest research.… https://t.co/IQxazs3hkq","Tennessee"
"Mon May 18 20:49:06 +0000 2020","They BOTH are... it’s @FoxNews aka Faux News!","Georgia"
"Mon May 18 20:49:11 +0000 2020","COVID-19 Reflections: Local Mother, Son Beat The Odds To Reach His Graduation Milestone https://t.co/ekfgzuGGpz… https://t.co/vHV9ZS3Xqa","Georgia"
"Mon May 18 20:49:47 +0000 2020","I see dead knuckleheads","New Jersey"
"Mon May 18 20:49:51 +0000 2020","And the real number is even better!","North Carolina"
"Mon May 18 20:50:15 +0000 2020","@DavidLeeKoenig @Justin_Stangel @EricStangel Make that Covid Red haha","North Carolina"
"Mon May 18 20:50:17 +0000 2020","@stewiewithatuba @JeffreyGuterman @WhiteHouse @realDonaldTrump Hello I am 69 overweight and working in a essential… https://t.co/2nORMJPc0B","Texas"
"Mon May 18 20:50:17 +0000 2020","@sanosbo1 Don’t get me wrong. It’s silly. But I rather see this than people huddled together. My fear is in 5 month… https://t.co/WXeroea8d4","Michigan"
"Mon May 18 20:50:18 +0000 2020","Can't time this better..\n https://t.co/4JcwqLl1Z9","Colorado"
"Mon May 18 20:50:31 +0000 2020","Now that's what I Call COVID-19","Oklahoma"
"Mon May 18 20:50:32 +0000 2020","@CMastication The SCRAM case is public upset over carnage sufficient to worry politicians they won’t be re-elected.… https://t.co/uBD6MsDU3L","California"
"Mon May 18 20:50:41 +0000 2020","Breaking news from Houston CEO @SylvesterTurner... 1 new person has died from Covid 19... Male, in his 80’s with un… https://t.co/mDvJuJNMXi","Texas"
"Mon May 18 20:50:47 +0000 2020","#WHO and the Entire World should be working together in this #COVID19 as we have in past epidemics","North Carolina"
"Mon May 18 20:50:48 +0000 2020","And Jim Jones drank the Kool-Aid 😉","Florida"
"Mon May 18 20:50:52 +0000 2020","@DeanLuk @TeamCavuto @realDonaldTrump @FoxNews You are a likable TV commentator, not a doctor. Please stop scaring… https://t.co/Hih8t1lSj8","Nevada"
"Mon May 18 20:51:16 +0000 2020","I’m sorry... huh?","Iowa"
"Mon May 18 20:51:25 +0000 2020","#ChinaLiedAndPeopleDied\nNavarro: China Sent ‘Hundreds of Thousands’ On Planes To ‘Seed’ COVID, When ‘They could’ve… https://t.co/Pv45D6IcXU","Michigan"
"Mon May 18 20:51:34 +0000 2020","Tomorrow, May 19 at 1pm. SEL Support for self and staff during COVID-19, will be facilitated by retired Jeffco prin… https://t.co/XvAwIlA2n8","Colorado"
"Mon May 18 20:51:35 +0000 2020","When on the phone with my family and the ask me “why are you coughing are you okay ?” 🤣💚","Florida"
"Mon May 18 20:51:39 +0000 2020","@inezrussell Holy crap, this COVID-19 pandemic really is a litmus test for racists and idiots.","New Mexico"
"Mon May 18 20:51:45 +0000 2020","My dads test for covid came back negative. I’m so relieved 😭","Oregon"
"Mon May 18 20:51:50 +0000 2020","@BradMossEsq @SpiroAgnewGhost No way. He is lying again.  If he is price it and take it in front of the nation. Jus… https://t.co/Wk0tzP78sR","Rhode Island"
"Mon May 18 20:51:53 +0000 2020","Unless President #Trump is taking #Plaquenil for #malaria or #RA #Arthritis...  But to prevent #CoronaVirus outbrea… https://t.co/ImGEuT6CqU","Florida"
"Mon May 18 20:52:07 +0000 2020","@TheBradSherwood I'm so relieved! I'm happy to hear they aren't chemtrails! They flew right over me! So does that m… https://t.co/DxVU91FM83","California"
"Mon May 18 20:52:13 +0000 2020","This is for your pleasure 🎻🎸🎺🎷🥁🎤. be and stay blessed. Be safe in times of COVID-19.  – ♫Hey Hey Bobby Rush by Bobb… https://t.co/BaV4cywyvV","California"
"Mon May 18 20:52:14 +0000 2020","@Sharondawriter That’s what the doctors around the world have been doing to protect them from getting COVID 19 but… https://t.co/6pmX4A1ZIL","New Jersey"
"Mon May 18 20:52:16 +0000 2020","He’s lying","Michigan"
"Mon May 18 20:52:18 +0000 2020","That certainly explains the US’s dismal response.","Colorado"
"Mon May 18 20:52:25 +0000 2020","@cher Covid-19? 😀🦠","New York"
"Mon May 18 20:52:32 +0000 2020","COVID has been rough on me 😂😘 letting my hair glow out... #notoupee  ladies‼️#loveyaself @ Philadelphia, Pennsylvan… https://t.co/ES8AJ8kaBq","Pennsylvania"
"Mon May 18 20:52:36 +0000 2020","Has Covid-19 forced you to reconsider your love of prostitution","Nevada"
"Mon May 18 20:52:47 +0000 2020","Is this possibly the largest self-own ever?","California"
"Mon May 18 20:52:47 +0000 2020","Wao! Christ Embassy’s Loveworld Limited broadcasting channel just got sanctioned by the U.K. communication regulato… https://t.co/RPpd73CF2f","Connecticut"
"Mon May 18 20:52:49 +0000 2020","As you might imagine, COVID-19 has forced us to make some changes around City Hall.  The first, obviously, was to h… https://t.co/mcuevp8h20",""
"Mon May 18 20:52:50 +0000 2020","Trump says he's taking hydroxychloroquine to prevent COVID-19 despite FDA warning https://t.co/u2AmyX0GXn via @nbcnews","Florida"
"Mon May 18 20:53:03 +0000 2020","And just like that, he changed the headlines  🐿","Montana"
"Mon May 18 20:53:07 +0000 2020","This is for your pleasure 🎻🎸🎺🎷🥁🎤. be and stay blessed. Be safe in times of COVID-19.  – ♫Stop, Look, Listen (To You… https://t.co/bDkPcLWlZc","California"
"Mon May 18 20:53:07 +0000 2020","These people are really out here playing with out lives for a couple of bucks. SMH. Listen to the scientists.","California"
"Mon May 18 20:53:12 +0000 2020","Because of the corona virus?","Mississippi"
"Mon May 18 20:53:17 +0000 2020","Trump said he taking the COVID drug, and aint got COVID. The hell is going on? 🤦🏽‍♂️","California"
"Mon May 18 20:53:22 +0000 2020","He's rigging this sh*t in his favor, to give him time to dispose of the evidence and come up with a convenient stor… https://t.co/wri21gQyDV","California"
"Mon May 18 20:53:28 +0000 2020","Wanna know how I know HCQ works? 👇","Arizona"
"Mon May 18 20:53:28 +0000 2020","President Trump says has been taking hydroxychloroquine; says he consulted with White House physician.\n\nIn April, F… https://t.co/tkP1aAx8O0","New York"
"Mon May 18 20:53:35 +0000 2020","Dude gonna mess around and mess up his liver","North Carolina"
"Mon May 18 20:53:35 +0000 2020","Thank you!!","Hawaii"
"Mon May 18 20:53:36 +0000 2020","@GolferGuy62 @YouTube Oh, you mean generic manufacturers dont make money?  Covid will be around long enough for the… https://t.co/hXeKaXU4d9","New Mexico"
"Mon May 18 20:53:42 +0000 2020","Great...a test subject!","Delaware"
"Mon May 18 20:53:42 +0000 2020","Why is he SUPPOSEDLY taking this drug if he is not infected? \nhttps://t.co/0TU0Rda4fz","Massachusetts"
"Mon May 18 20:53:46 +0000 2020","My son @seeTHEBADMAN /#PatrickDavis just on radio w/@LoriJulia. My 89 yr old mom who has no internet called to ask… https://t.co/I76o16nSAp","Minnesota"
"Mon May 18 20:53:56 +0000 2020","Energy","Tennessee"
"Mon May 18 20:54:00 +0000 2020","What she said.","Indiana"
"Mon May 18 20:54:17 +0000 2020","Yep. Sounds about right.\nHe's got a lot of product to move.","Florida"
"Mon May 18 20:54:20 +0000 2020","@yesgregyes @realDonaldTrump not masochist at all\n\nvery fair and kind🙌🙏\n\ni don’t wish ill on him, i’m frankly amaze… https://t.co/O4SGDk0ekn","New York"
"Mon May 18 20:54:30 +0000 2020","Imagine announcing to the world you’re abusing a prescription drug","Wisconsin"
"Mon May 18 20:54:34 +0000 2020","@WhiteHouse @Mike_Pence Probably also sharing Covid 19 with the group.","New Jersey"
"Mon May 18 20:54:43 +0000 2020","He needs to take more, lots and lots more.","Oregon"
"Mon May 18 20:54:46 +0000 2020","Thinning the heard.","Connecticut"
"Mon May 18 20:55:31 +0000 2020","Dear covid, pls stop fkin’ up the money ! 😭","Texas"
"Mon May 18 20:55:37 +0000 2020","@TGsports28 @CTWRaceParts @franklinsigns @TooToughToTame We don’t have any current hero cards as Kody is all new to… https://t.co/qKhKJ6eKoF","North Carolina"
"Mon May 18 20:55:48 +0000 2020","This is for your pleasure 🎻🎸🎺🎷🥁🎤. be and stay blessed. Be safe in times of COVID-19.  – ♫Wing and a Prayer (feat. A… https://t.co/Gcv3FBRaFT","California"
"Mon May 18 20:55:49 +0000 2020","What’s the money trail to POTUS fixation on hydroxychloroquine?Does someone in the Trump circle have a financial st… https://t.co/Wq3NCYMX0t","Michigan"
"Mon May 18 20:55:55 +0000 2020","@andychee21 @WFLA @BigTimeTampaTim Hydroxychloroquine is actually an extremely useful decades old drug, and when co… https://t.co/x11sofFjKp","Florida"
"Mon May 18 20:56:24 +0000 2020","Nobody does the art of the zag better than President Trump","Georgia"
"Mon May 18 20:56:26 +0000 2020","https://t.co/epZmvuPF5u\n\n( Sent from ABC27 News )","Pennsylvania"
"Mon May 18 20:56:43 +0000 2020","@madrid_mike @TheRickWilson This is bullshit. This is him toying with the media to draw attention away from somethi… https://t.co/sttglDOMcv","New York"
"Mon May 18 20:56:50 +0000 2020","I’m proud so proud of our kids and to have been a part of this great celebration! #RESROARS #BCSROCKS","Tennessee"
"Mon May 18 20:56:55 +0000 2020","First Covid test tomorrow","California"
"Mon May 18 20:56:56 +0000 2020","Embarrassing. With a Republican governor it’s always going to be about money money money money money","Arizona"
"Mon May 18 20:57:02 +0000 2020","My coworkers have unfortunately  lost family members to covid and idk about you all but that's more than enough for… https://t.co/55a9KwCy4Q","Texas"
"Mon May 18 20:57:02 +0000 2020","This x1000","Ohio"
"Mon May 18 20:57:07 +0000 2020","Listen to all you idiots that got mad at me because of what I said about the boy and his father and the beach my po… https://t.co/veEA0kEY7b","California"
"Mon May 18 20:57:17 +0000 2020","Well....when you elect a clown, expect a circus. https://t.co/haS9Zn54r4","Massachusetts"
"Mon May 18 20:57:19 +0000 2020","So unbelievable. When will they stop and what is their purpose?","Florida"
"Mon May 18 20:57:20 +0000 2020","There have been patients at my hospital who have lied during pre-hospital Covid screening to attempt to have their… https://t.co/oQYRN5nlns","Virginia"
"Mon May 18 20:57:35 +0000 2020","If you want to be immediately convinced of the value of qualitative social science, check out Timothy Pachirat's ou… https://t.co/oBdSmUoJxG","Massachusetts"
"Mon May 18 20:57:48 +0000 2020","Our hospital isn’t Covid testing all patients which is confusing to me. They are only testing people who are high suspect.","Virginia"
"Mon May 18 20:57:50 +0000 2020","INBOX: @AdkHealth announces locations, dates &amp; times for upcoming Mobile COVID-19 testing clinics. Call 518-897-246… https://t.co/XdLzzwVB5r","New York"
"Mon May 18 20:58:01 +0000 2020","Here’s the latest #CoronaVirusUpdate in Iowa. #ialegis\n\n• 374 new cases (total 14,955)\n\n• Investigation found state… https://t.co/3ioGmqXB5O","Iowa"
"Mon May 18 20:58:23 +0000 2020","Even Amid Media's COVID Smear Job, Trump Scores Higher Approval Than Obama Had at Same Point https://t.co/WSTEJEKs0m","Texas"
"Mon May 18 20:58:34 +0000 2020","Here are the side effects and these 3 you don’t want in a President.\n- feeling that others are watching you or cont… https://t.co/6J6yTwDXZa","Indiana"
"Mon May 18 20:58:39 +0000 2020","Could Outdoor Dining Return to #Pennsylvania by Mid-June? https://t.co/bLmcSXUFHf","Virginia"
"Mon May 18 20:58:39 +0000 2020","I won’t lie, I didn’t stop tasting the grapes in the produce section when I’m shopping because of COVID.","Texas"
"Mon May 18 20:58:47 +0000 2020","The Marina, back at it again 🙄🙄","California"
"Mon May 18 20:58:57 +0000 2020","In addition to virtual activities for kids, delicious takeout options, and more, we've recently added… https://t.co/AfUc7x7nM7","New York"
"Mon May 18 20:58:58 +0000 2020","Nobody is going to put a fucking microchip in your arm when a COVID-19 vaccine is developed.\n\nGod, some of you are… https://t.co/lFi994kJ4S","California"
"Mon May 18 20:59:05 +0000 2020","This app cares too much about Trump!! This Muthafuker can say “I cut  9 finger nails out of 10 &amp; people would run t… https://t.co/bJ8aTZE8aX","Texas"
"Mon May 18 20:59:12 +0000 2020","So now POTUS is taking Hydroxychloroquine a medicine that does not work for COVID 19 as prophylaxis against COVID19… https://t.co/II3WBSeLD3","Colorado"
"Mon May 18 20:59:12 +0000 2020","Hey @NicolleDWallace, I love the way you pay homage to those we’ve lost to COVID every day.\n\nWhat about the 5 frien… https://t.co/rTsUP5Lphe","Alabama"
"Mon May 18 20:59:18 +0000 2020","This is Fucking crazy!👇👇","California"
"Mon May 18 20:59:23 +0000 2020","I'm all in...! https://t.co/XjVex3RCDz","Arizona"
"Mon May 18 20:59:26 +0000 2020","@SecPompeo So are you saying the US is a authoritarian regime? Because we are the worst country on earth right now… https://t.co/HedNdTK8F0","Florida"
"Mon May 18 20:59:47 +0000 2020","The Trevecca Center for Rehabilitation and Healing had 55 cases, with 4 reported deaths. https://t.co/PyQijuXsFL","Tennessee"
"Mon May 18 20:59:51 +0000 2020","Trump should drink a nice cold glass of bleach.","Texas"
"Mon May 18 20:59:56 +0000 2020","Today thanks to frontlinefoodscharlotte I had the privilege of delivering meals to Atrium Huntersville Oaks, a Covi… https://t.co/ez93iCzJZn","North Carolina"
"Mon May 18 20:59:56 +0000 2020","Now I follow you. Back surgery ouch ! I knock on wood have avoided that one thus far “knock on wood” How long a sta… https://t.co/ABm2WkHgqK","Virginia"
"Mon May 18 21:00:00 +0000 2020","Every state!👎🏼🤢🤮😡","California"
"Mon May 18 21:00:17 +0000 2020","Way too little too late!  Whereas our Great President had an NYPD Sergeant who survived COVID-19 to the White House… https://t.co/bAQwoilIvL","New York"
"Mon May 18 21:00:23 +0000 2020","Hydroxychloroquine is not approved for Covid-19 prevention. tRump is once again lying in order to distract people f… https://t.co/m1hqWA7iZy","Pennsylvania"
"Mon May 18 21:00:23 +0000 2020","A president who self-medicates.","Ohio"
"Mon May 18 21:00:24 +0000 2020","I have too much time on my hands to be arguing with him about something that doesn’t even exist 😂 this COVID is taking an extra toll on me.","Texas"
"Mon May 18 21:00:30 +0000 2020","@SeffroodBrandon @usernamemeyou @JtS_ReTurnS @laurenthehough @nicksonsec While it is unclear whether cases spiked a… https://t.co/BYVsEJzZAU","Wisconsin"
"Mon May 18 21:00:34 +0000 2020","Let the chips fall where they tan.","Texas"
"Mon May 18 21:00:39 +0000 2020","The media shld stop repeating all of the SOCIOPATH-IN-CHIEF's crazy ass tweets and spending time on this unproven a… https://t.co/4FLoQZF1rw","New York"
"Mon May 18 21:00:42 +0000 2020","New modules on developing a healthier relationship with the news and dealing with feeling overwhelmed during the pa… https://t.co/TXa996mqJx","California"
"Mon May 18 21:00:45 +0000 2020","It seems very strange. Who is prescribing? It is not at all indicated as a potential long-term prophylactic, is it… https://t.co/DnT0XI4ql7","New York"
"Mon May 18 21:00:56 +0000 2020","Y’all really believed a WHITE politician and started going out without masks in large groups. It’s almost hilarious… https://t.co/gIEaeWzNEF","New York"
"Mon May 18 21:01:11 +0000 2020","@moinqueens @CMF1616 @CNN I think your are correct in the case of the corona virus, ignorance is not bliss! Having… https://t.co/O2Za7ZN9dV","New York"
"Mon May 18 21:01:15 +0000 2020","I got covid tested around 2pm and I just now sneezed and it was honestly life changing.","New York"
"Mon May 18 21:01:21 +0000 2020","Grandfather and grand uncle are both buried there.","District of Columbia"
"Mon May 18 21:01:21 +0000 2020","I not only ""flattened the curve"" I got way ahead of the curve. \nSo far ahead I now have COVID-23!","Pennsylvania"
"Mon May 18 21:01:35 +0000 2020","Exactly what makes the SARS-CoV-2 RBD “suboptimal”?\nThis seems like a good answer to the “it’s man-made” claim.  \nhttps://t.co/lQZEYPBB3O","California"
"Mon May 18 21:01:38 +0000 2020","Front line workers like me are NOT taking hydrochloroquine to protect against COVID-19. Do NOT take this medication… https://t.co/obZgLNHMSo","Pennsylvania"
"Mon May 18 21:01:58 +0000 2020","😱😱😱imagine that","Kentucky"
"Mon May 18 21:01:58 +0000 2020","Yes it works .. \n      listen to this LA Doctor.\nhttps://t.co/EvsUAskOwD\nI have many MD friends who are also taking… https://t.co/vNRLXldGvy","Texas"
"Mon May 18 21:02:01 +0000 2020","How do we know for sure as he hasn't told the truth for over 3 years @realDonaldTrump","Florida"
"Mon May 18 21:02:01 +0000 2020","@austinchanning It's crazy with kids home. Procrastination pre-Covid ain't got nothing on this current scenario. There's never a good time.","Colorado"
"Mon May 18 21:02:25 +0000 2020","So the president is taking hydroxychloroquine. Which reputable physician would prescribe it for Covid prophylaxis? #AmerMedicalAssn","Kentucky"
"Mon May 18 21:02:26 +0000 2020","Oh, please do continue to take these drugs. Take lots and lots more of them... https://t.co/boDrkloceC","California"
"Mon May 18 21:02:30 +0000 2020","Hey @LiveKellyRyan! No better song to play as COVID patients are discharged from #Memphis hospital!… https://t.co/ci0jXaANrk","Tennessee"
"Mon May 18 21:02:33 +0000 2020","@TeamCavuto @senatemajldr What #medschool did #Cavuto go to? #overreaction  #sensationalism have some docs on your… https://t.co/BBlcHRMkQA","Louisiana"
"Mon May 18 21:02:51 +0000 2020","Maybe he should double the dose","New York"
"Mon May 18 21:02:55 +0000 2020","Famed Designer Draws Up Plan to Save Restaurants Through Outdoor Dining https://t.co/SPuIXHABlE","Florida"
"Mon May 18 21:03:02 +0000 2020","Who's more idiotic? \nThe person controlling the masses or the people following an idiotic leader","Georgia"
"Mon May 18 21:03:12 +0000 2020","OK, then. #Hydroxycloroquine https://t.co/curJxj1qkx","New Mexico"
"Mon May 18 21:03:13 +0000 2020","LOCK THE WINDOWS.","Ohio"
"Mon May 18 21:03:14 +0000 2020","“All that’s over with, and we’re gonna go forward.”\n\nJust spoke with TempleLive owner Mike Brown, who says tonight’… https://t.co/8m9U60uj80","Arkansas"
"Mon May 18 21:03:24 +0000 2020","Freedom in COVID Confinement comes through IMAGINATION (Riley will show you how) https://t.co/F0qfRruLTq","Maryland"
"Mon May 18 21:03:28 +0000 2020","@beowulf701 @greggrunberg No options don’t change facts...speaking of which, where are your coming from? They contr… https://t.co/1pIeskymNk","New Hampshire"
"Mon May 18 21:03:32 +0000 2020","Buying stocks for the first time because Covid has caused me to exhaust all other entertainment options 🤞🏼 here goe… https://t.co/FYPCGxaYGT","Oregon"
"Mon May 18 21:03:40 +0000 2020","@dgordon52 @joncoopertweets He got covid-19, what else","Florida"
"Mon May 18 21:03:44 +0000 2020","Prayers going out to the family","California"
"Mon May 18 21:04:05 +0000 2020","The FDA warns against the use of hydroxychloroquine or chloroquine for the treatment of COVID-19 outside of the hos… https://t.co/1ddrTgNdyk","Florida"
"Mon May 18 21:04:09 +0000 2020","Everyone could see from the beginning that older people were at high risk for death. Yet he still enforced this pol… https://t.co/ugQBIDG9xH","Virginia"
"Mon May 18 21:04:18 +0000 2020","NOOOOOOO HES GONNA DIE NOW\n\nWait what do we want?","Missouri"
"Mon May 18 21:04:23 +0000 2020","What an example he's setting. One none of us would want our kids to follow: https://t.co/1kJ5kE3WDW #Trump #coronavirus","Wisconsin"
"Mon May 18 21:04:23 +0000 2020","State Judge overturns Gov Brown’s Covid 19 orders. Brown will ask Supreme Court for a stay of the injunction.","Oregon"
"Mon May 18 21:04:26 +0000 2020","Thanks to @WorldHealth_Net    Please read and share.  @lipoproteinaFDN @Lpa_Doc @TheFHFoundation @MichiganACC… https://t.co/fmgxI2lwjw","Michigan"
"Mon May 18 21:04:29 +0000 2020","Hey, you want to be lazy and dine in and force restaurant staff to work during a pandemic? Pay the fee. Imo, they s… https://t.co/UkERzX3Jso","Rhode Island"
"Mon May 18 21:04:30 +0000 2020","Interesting and instructive discussion how Christians have responded to plagues and pandemics in the past.","Oregon"
"Mon May 18 21:04:34 +0000 2020","@sergiothecommie Covid 19 death toll in Cuba 80\nExploding in Brasil now Sao Paolo hospitals  overwhelmed \nCuba has… https://t.co/f4nj5hj23S","Colorado"
"Mon May 18 21:04:45 +0000 2020","IF YOU’RE A STUDENT AT UCSC THEY’RE OFFERING FREE COVID TESTING EVEN IF YOU HAVE NO SYMPTOMS SO JUST DO IT AND SPREAD THE WORD",""
"Mon May 18 21:04:48 +0000 2020","@RussellTOB ALSO the risk of out door infection is infinitesimal \nDr Agus (advisor to WH) \nThe risk of infection w… https://t.co/0dqm79OU4r","New York"
"Mon May 18 21:04:54 +0000 2020","He is so desperate for attention","Massachusetts"
"Mon May 18 21:04:56 +0000 2020","@AshleeMullany @SharriMarkson Doctors around the world have been using this as protection against it. In the sense… https://t.co/k8JFdqepsu","New Jersey"
"Mon May 18 21:04:56 +0000 2020","@greggutfeld ask Juan... if he he should god forbid get covid, would he take it?","New York"
"Mon May 18 21:05:04 +0000 2020","@kylegriffin1 @MSNBC Is it just a coincidence that Trump has made this announcement after the reports that came out… https://t.co/jpPG64djCr","California"
"Mon May 18 21:05:10 +0000 2020","Families have a right to know – the truth","Arizona"
"Mon May 18 21:05:27 +0000 2020","‼️ This is nuts! Not that taking hydroxychloroquine is a good idea in the first place—it’s not—but isn’t that quest… https://t.co/G36fmJZn4M","Illinois"
"Mon May 18 21:05:31 +0000 2020","got tested for covid, lets pray it comes out negative since i been to the airport &amp; on a plane 3 times lol","California"
"Mon May 18 21:05:34 +0000 2020","Pompton Lakes 214 #Covid_19 Cases. #PomptonLakesNJ","New Jersey"
"Mon May 18 21:05:37 +0000 2020","@TheRickWilson says he’s taking it.","Ohio"
"Mon May 18 21:05:41 +0000 2020","@benadam11 Yeah that makes sense. I just haven’t heard *this* drug being described as having a prophylactic benefit… https://t.co/s8ZnVlfX0F",""
"Mon May 18 21:05:53 +0000 2020","@obliviawelch Who knew, #COVID is #racist. #SellingCrazy! #nhpolitics","New Hampshire"
"Mon May 18 21:05:57 +0000 2020","Pretty sure this is right here in my hometown of Owensboro, Kentucky. Not sure why the article, by the publication… https://t.co/puxmhpbO51","Kentucky"
"Mon May 18 21:05:57 +0000 2020","Pretty sure this is right here in my hometown of Owensboro, Kentucky. Not sure why the article, by the publication… https://t.co/puxmhpbO51","Kentucky"
"Mon May 18 21:06:03 +0000 2020","@realDonaldTrump how much money you making from the drug donnie! @SenateDems @SenSchumer @SpeakerPelosi","Tennessee"
"Mon May 18 21:06:04 +0000 2020","🤩❤️ @TheEllenShow love hearing this song as COVID patients are discharged from our midtown #Memphis hospital.… https://t.co/vZBbKoFlih","Tennessee"
"Mon May 18 21:06:05 +0000 2020","Texas opening back up, lemme take you out before covid-19 does","Texas"
"Mon May 18 21:06:09 +0000 2020","Let’s hope he is taking a lot!","Florida"
"Mon May 18 21:06:14 +0000 2020","@FrontOfficeLos @brianhoyt24 @kingcfb @RealMattlanta Of course MLB bring the most ridiculous about Covid-19.","Georgia"
"Mon May 18 21:06:17 +0000 2020","Another school just cut baseball ⬇️","Massachusetts"
"Mon May 18 21:06:21 +0000 2020","Gee...maybe he might have a heart attack\nhttps://t.co/LmMX92SLD4","Pennsylvania"
"Mon May 18 21:06:26 +0000 2020","Succumbing to COVID 19 &gt; Dropkick Murphys","New Hampshire"
"Mon May 18 21:06:27 +0000 2020","Karma is undefeated.","District of Columbia"
"Mon May 18 21:06:30 +0000 2020","https://t.co/oVVWEsxkK0  Trump is a fucking moron whatever happens is karma","California"
"Mon May 18 21:06:32 +0000 2020","No way this is legal...","Illinois"
"Mon May 18 21:06:38 +0000 2020","Praying for his recovery Drew","California"
"Mon May 18 21:06:41 +0000 2020","Federal-State sponsored slavery.","Oregon"
"Mon May 18 21:06:46 +0000 2020","@eisingerj Where are all the severe side effects in people who are taking it for lupus, RA, malaria? Doctors and co… https://t.co/yiuIx7i7T1","Texas"
